{
    "m4a1_fire" : {
        "sounds": ["guns_sound/m4a1_fire"]
    },
    "m4a1_fire_st" : {
        "sounds": ["guns_sound/m4a1_fire_st"]
    },
    "m4a1_reload" : {
        "sounds": ["guns_sound/m4a1_reload"]
    },
    "m4a1_reload_st" : {
        "sounds": ["guns_sound/m4a1_reload_st"]
    },
    "m24_fire" : {
        "sounds": ["guns_sound/m24_fire"]
    },
    "m24_fire_st" : {
        "sounds": ["guns_sound/m24_fire_st"]
    },
    "m24_reload" : {
        "sounds": ["guns_sound/m24_reload"]
    },
    "m24_reload_st" : {
        "sounds": ["guns_sound/m24_reload_st"]
    },
    "m24_bolt" : {
        "sounds": ["guns_sound/m24_bolt"]
    },
    "m24_bolt_st" : {
        "sounds": ["guns_sound/m24_bolt_st"]
    },
    "m1014_fire" : {
        "sounds": ["guns_sound/m1014_fire"]
    },
    "m1014_fire_st" : {
        "sounds": ["guns_sound/m1014_fire_st"]
    },
    "m1014_reload_empty_end" : {
        "sounds": ["guns_sound/m1014_reload_empty_end"]
    },
    "m1014_reload_empty_end_st" : {
        "sounds": ["guns_sound/m1014_reload_empty_end_st"]
    },
    "m1014_reload_loop" : {
        "sounds": ["guns_sound/m1014_reload_loop"]
    },
    "m1014_reload_loop_st" : {
        "sounds": ["guns_sound/m1014_reload_loop_st"]
    }
}