{
    "m4a1_fire" : {
        "sounds": ["guns_sound/m4a1_fire"]
    },
    "m4a1_reload" : {
        "sounds": ["guns_sound/m4a1_reload"]
    },
    "m24_fire" : {
        "sounds": ["guns_sound/m24_fire"]
    },
    "m24_reload" : {
        "sounds": ["guns_sound/m24_reload"]
    },
    "m24_bolt" : {
        "sounds": ["guns_sound/m24_bolt"]
    },
    "m1014_fire" : {
        "sounds": ["guns_sound/m1014_fire"]
    },
    "m1014_reload_empty_end" : {
        "sounds": ["guns_sound/m1014_reload_empty_end"]
    },
    "m1014_reload_norm_end" : {
        "sounds": ["guns_sound/m1014_reload_norm_end"]
    },
    "m1014_reload_loop" : {
        "sounds": ["guns_sound/m1014_reload_loop"]
    },
    "m1014_draw" : {
        "sounds": ["guns_sound/m1014_draw"]
    }
}