{
    "model": {
        "type": "select",
        "property": "custom_model_data",
        "fallback": {
            "type": "model",
            "model": "item/carrot_on_a_stick"
        },
        "cases": [
            {
                "when": "m4a1",
                "model": {
                    "type": "model",
                    "model": "item/m4a1"
                }
                
            },
            {
                "when": "m4a1_reload",
                "model": {
                    "type": "model",
                    "model": "item/m4a1_reload"
                }
                
            },
            {
                "when": "m4a1_skin_glass",
                "model": {
                    "type": "model",
                    "model": "item/m4a1_skin_glass"
                }
            },
            {
                "when": "m24_reload",
                "model": {
                    "type": "model",
                    "model": "item/m24_reload"
                }
            },
            {
                "when": "m1014",
                "model": {
                    "type": "model",
                    "model": "item/m1014"
                }
            }
        ]
    }
}